<?xml version='1.0' encoding='UTF-8'?>
<?artifactRepository version='1.1.0'?>
<repository name='file:/C:/Users/Doug/Desktop/wsdlproc/target/update-site/ - artifacts' type='org.eclipse.equinox.p2.artifact.repository.simpleRepository' version='1'>
  <properties size='2'>
    <property name='p2.timestamp' value='1348767484339'/>
    <property name='p2.compressed' value='false'/>
  </properties>
  <mappings size='3'>
    <rule filter='(&amp; (classifier=osgi.bundle))' output='${repoUrl}/plugins/${id}_${version}.jar'/>
    <rule filter='(&amp; (classifier=binary))' output='${repoUrl}/binary/${id}_${version}'/>
    <rule filter='(&amp; (classifier=org.eclipse.update.feature))' output='${repoUrl}/features/${id}_${version}.jar'/>
  </mappings>
  <artifacts size='2'>
    <artifact classifier='osgi.bundle' id='org.mule.tooling.ui.contribution.wsdlproc' version='1.0.0.201209271037'>
      <properties size='3'>
        <property name='artifact.size' value='6220926'/>
        <property name='download.size' value='6220926'/>
        <property name='download.md5' value='ac425c517dbf9a8b0ff1a617b32631d9'/>
      </properties>
    </artifact>
    <artifact classifier='org.eclipse.update.feature' id='org.mule.tooling.ui.extension.wsdlproc' version='1.0.0.201209271037'>
      <properties size='4'>
        <property name='artifact.size' value='3975'/>
        <property name='download.size' value='3975'/>
        <property name='download.md5' value='da784b83e8fa258650aff39278222ec4'/>
        <property name='download.contentType' value='application/zip'/>
      </properties>
    </artifact>
  </artifacts>
</repository>
